<application>
  <component name="UISettings">
    <option name="compactTreeIndents" value="true" />
    <option name="DND_WITH_PRESSED_ALT_ONLY" value="true" />
    <option name="FULL_PATHS_IN_TITLE_BAR" value="true" />
    <option name="LEFT_HORIZONTAL_SPLIT" value="true" />
    <option name="RIGHT_HORIZONTAL_SPLIT" value="true" />
    <option name="showTreeIndentGuides" value="true" />
    <option name="CONTRAST_SCROLLBARS" value="true" />
    <option name="WIDESCREEN_SUPPORT" value="true" />
  </component>
</application>