<application>
  <component name="WebServers">
    <option name="servers">
      <webServer id="0ebf8f81-4878-44d2-8a78-a9e2a16af78c" name="cooperdevon" url="http://134.209.204.203">
        <fileTransfer accessType="SFTP" host="134.209.204.203" port="22" sshConfigId="c711b0f2-126b-46f7-83e6-04abf72193c9" sshConfig="developer@134.209.204.203:22 password">
          <advancedOptions>
            <advancedOptions dataProtectionLevel="Private" passiveMode="true" shareSSLContext="true" />
          </advancedOptions>
        </fileTransfer>
      </webServer>
    </option>
  </component>
</application>